{
 "auc": 0.5753839941108423,
 "auc_ci_lower": 0.5611663420829409,
 "auc_ci_upper": 0.5887214671405896,
 "log_loss": 0.6431128920054373,
 "precision_at_10pct": 0.4478442280945758,
 "precision_at_20pct": 0.4412786657400973,
 "precision_at_30pct": 0.4221501390176089,
 "precision_at_10pct_ci_lower": 0.41307371349095967,
 "precision_at_10pct_ci_upper": 0.48261474269819193,
 "cv_auc": 0.5771361026841697
}